id,sentence,predictions
0,Nous dûmes nous excuser des propos que nous eûmes prononcés,1
4,"Le corps de Golo lui-même, d'une essence aussi surnaturelle que celui de sa monture, s'arrangeait de tout obstacle matériel, de tout objet gênant qu'il rencontrait en le prenant comme ossature et en se le rendant intérieur, fût-ce le bouton de la porte sur lequel s'adaptait aussitôt et surnageait invinciblement sa robe rouge ou sa figure pâle toujours aussi noble et aussi mélancolique, mais qui ne laissait paraître aucun trouble de cette transvertébration.",1
5,"Elle jeta un cri, un petit cri, voulut se dresser, se débattre, le repousser ; puis elle céda, comme si la force lui eût manqué pour résister plus longtemps.",0
8,"Mais la racine du mal est bel est bien cette façon de penser tendant vers un manichéisme néfaste, néfaste car le respect des opinions divergentes et le débat s'estompent au profit de l'extrémisme et l'uniformisme de la pensée",1
13,"Jeune retraité de l'éducation nationale, Roger Rougier a sa réponse",0
20,"Et, dans le mirage confus où s'égaraient ses espérances, espérances de grandeur, de succès, de renommée, de fortune et d'amour, il aperçut tout à coup, pareille à ces guirlandes de figurantes qui se déroulent dans le ciel des apothéoses, une procession de femmes élégantes, riches, puissantes, qui passaient en souriant pour disparaître l'une après l'autre au fond du nuage doré de ses rêves.",1
21,"Si six scies scient six cyprès, six cent six scies scient six cent six cyprès !",1
22,La sixième Semaine pour l'emploi en leur faveur entend les combattre.,0
23,Des sanctions administratives et des ordonnances pénales sont possibles si des nouveaux détenteurs de chiens renoncent à suivre la formation ou à l'achever.,0
25,"L'homme fait regarder son sexe comme un symbole de transcendance et de puissance il en tire vanitécomme d'un muscle strié et en même temps comme d'une grâce magique : c'est une liberté riche de toute la contingence du donné, un donné librement voulu ; c'est sous cet aspect contradictoire qu'il s'en enchante ; mais il en soupçonne le leurre ; cet organe par lequel il prétend s'affirmer ne lui obéit pas ; lourd de désirs inassouvis, s'érigeant inopinément, parfois se soulageant en rêve, il manifeste une vitalité suspecte et capricieuse.",1
28,Vous sortîtes précipitamment après que vous eûtes mis votre chapeau,1
36,"Le plasma ainsi conservé ne pourra être utilisé que lorsque le deuxième don du donneur, quatre mois après le premier, n'aura révélé aucun marqueur infectieux.",0
42,"Cet homme fut grossier ! Quand je parlai, il m'interrompit.",1
43,"En 2001, Rosalie a expliqué à l'ONU, auprès du groupe de travail sur les peuples autochtones, en quoi la survie des bisons sauvages est essentielle et symbolique pour les Indiens des plaines Le bison a toujours été un animal sacré pour les Indiens des plaines, crucial dans leur culture.",0
44,"""Nous sommes avant tout des êtres visuels, rétiniens, et nous oublions souvent que l'audition et donc le son, l'acoustique jouent un rôle sur notre perception de l'environnement, remarque Christian Hugonnet, président de la Semaine du son, qui se tient du 21 janvier au 3 février 2019.",0
45,"On peut voir entre autres le bréviaire manuscrit conservé à la bibliothèque du grand séminaire de Malines, ainsi que plusieurs incunables de Cambrai.",0
47,"Le comte, qui avait de l'usage, la pria de ne point divulguer la triste vérité dont elle lui faisait confidence : - Si vous avez l'extrême indulgence, ajouta-t-il, de continuer à me recevoir avec toutes les 16 distinctions extérieures accordées à l'amant régnant, je trouverai peut-être une place convenable.",1
50,"La validation de la segmentation et l'identification du nombre optimal de compartiments ont été fondées sur des analyses statistiques utilisant les densités de campagnols terrestres estimées dans chaque tache annuellement de 1989 à 2004 ; dans le cas d'une partition bien adaptée pour distinguer des zones de même dynamique démographique, ces données sont supposées présenter une variabilité plus faible à l'intérieur des compartiments qu'entre les compartiments.",0
56,"Loin de l'effervescence des cuisines, notre chef retrouve Maggie Chaulet, la créatrice et propriétaire du jardin tropical qui abrite son restaurant",0
58,"Dans un futur proche, la capacité de ces supports à transporter sous forme numérique des données d'un point à un autre va encore augmenter, entre autres grâce au développement des fibres optiques et des systèmes satellitaires.",0
62,"Les galopins du village s'en faisaient un jeu, et leurs ébats avaient même tracé sur la pente du monticule un imperceptible sentier.",0
63,"Une preuve en est que deux millions d'emplois en Europe, nécessitant des compétences scientifiques et technologiques, ne sont pas pourvus ; rien que dans le secteur informatique, il manque cent mille programmeurs.",0
64,"Sous un soleil incandescent, un jeune couple yiddish se marie sous une houppa.",0
69,"Elle assurait ainsi à la fois leur repos et leur richesse ; pourtant ils évitaient de jamais pénétrer plus loin que sa lisière, où les troncs espacés leur permettaient d'apercevoir encore derrière eux leurs champs et leurs maisons, et ses profondeurs mystérieuses leur étaient une source de terreur.",1
77,"Nommée en juillet 2020, l'ex-députée de la Somme joue gros avec l'examen du projet de loi Climat et résilience en commission spéciale à l'Assemblée nationale, à partir du lundi 8 mars.",0
79,"Si ce détestable virus a eu quelques effets bénéfiques, ce fut en prison.",0
82,Nous somment conscients de la difficulté de l'expédition et nous en assumons les risques.,0
88,"En 2017, 34, 6% de la population vit dans un ménage avec au moins un crédit (leasings, petits crédits ou crédits à la consommation, achats par acomptes, dettes auprès de la famille ou amis ne vivant pas dans le ménage et hypothèques sur le logement secondaire).",0
90,"Asiles, fermes, bistrots, musées s'entrecroisent, dans un mouvement de balancier entre des descriptions sordides et des périodes plus apaisées, fournies par une journée réussie de mendicité ou les excentricités du poète anarchiste Emil Szittya, rencontré à Stuttgart.",0
92,"Son nom d'emprunt est un jeu de mots qu'il qualifie de nom juif lui servant à mieux attirer des clients : ""It's all good, man!"" devient alors ""Saul Goodman"".",0
99,"Toutes ces raisons font que le bilinguisme breton-français me paraît particulièrement défendable ici, sans compter les avantages que j'ai mentionnés pour un enfant qui commence très tôt son immersion dans une grande et belle langue celtique",1
101,"Pour y remédier, à leur échelle, des militants ont commencé à organiser leurs propres filières d'importation dès la fin des années 1960.",0
104,On définit une contrainte comme étant est une chose imposée par l'extérieur contre la volonté d'un individu,1
105,Le tas de rats tentés tâta le tas de riz tantant.,1
109,On rencontra une seconde tempête ; elles sont terribles et imprévues sur ce beau lac : des rafales de vent sortent à l'improviste des deux gorges de montagnes placées dans des directions opposées et luttent sur les eaux.,0
112,"Une cicatrice profonde partageait sa figure en deux, depuis les cheveux jusqu'au cou ; et l'affreuse mutilation lui donnait un aspect terrible.",0
114,"L'apprentissage du code, et plus largement d'une culture générale du numérique, à l'école est une mesure réclamée depuis longtemps par l'Académie des sciences, soutenue par des acteurs qui comptent dans le secteur numérique.",1
116,Cette question a notamment été posée en France de façon emblématique lors de la privatisation de THOMSON Multimédia au milieu des années 1990,0
125,"Les dernières études d'imagerie cérébrale confirment qu'il y aurait bien une différence, non de capacité, mais de ""fonctionnement"" du cerveau des hommes et des femmes, en fonction de leurs centres d'intérêt.",0
126,"Disciple enthousiaste de Jean-Jacques Rousseau, il avait des tendresses d'amant pour la nature, les champs, les bois, les bêtes.",0
128,"Ils insistent cependant afin que les animaux soient chassés seulement selon la méthode 'traditionnelle, ' ce qui exclut l'emploi de fusils de haute portée ou de bateaux mécanisés.",0
133,Je me fus lourdement trompé dans mon calcul .,1
134,L'activité dépendante présuppose un rapport de subordination de l'employé qui se soumet aux instructions de l'employeur.,1
135,Les resultats experimentaux montrent que le micro beton est defini par un état caracteristique qui separe deux types de comportement rheologique.,1
141,"Bien qu'attirant pour de nombreux scientifiques et une mesure par défaut pour les dirigeants politiques craignant une responsabilité juridique pour des réponses nationales lentes ou indécises, son utilisation doit être réexaminée, uniquement pour être utilisée en dernier recours.",0
142,"Concentrés toute l'année sur les résultats scolaires de leurs enfants, les parents ne sont pas prêts à laisser les bains de mer ou de soleil délaver les tables de multiplication, les plus-que-parfait de l'indicatif et autres théorèmes de géométrie si chèrement acquis.",1
143,"Car souvent dans l'une on trouve égaré un jour d'une autre, qui nous y fait vivre, en évoque aussitôt, en fait désirer les plaisirs particuliers et interrompt les rêves que nous étions en train de faire, en plaçant plus tôt ou plus tard qu'à son tour ce feuillet détaché d'un autre chapitre, dans le calendrier interpolé du bonheur ; mais bientôt, comme ces phénomènes naturels dont notre confort ou notre santé ne peuvent tirer qu'un bénéfice accidentel et assez mince jusqu'au jour où la science s'empare d'eux et, les produisant à volonté, remet en nos mains la possibilité de leur apparition, soustraite à la tutelle et dispensée de l'agrément du hasard, de même la production de ces rêves d'Atlantique et d'Italie cessa d'être soumise uniquement aux changements des saisons et du temps.",1
144,"Malgré les gains de productivité, la sous-alimentation affecte 840 millions de personnes.",0
145,"Il s'offre les meilleurs guides, gravit les montagnes, s'épanouit.",0
147,"Les langues ne sont pas seulement le moyen privilégié de communication entre les humains, elles incarnent la vision du monde de leurs locuteurs, leurs imaginaires, leurs façons de véhiculer le savoir.",0
148,Une perspective quasi inconcevable dans un Congrès aussi divisé.,0
156,"En parallèle des inhumations animales liées au sacré et aux rites magiques, il existait donc en Égypte antique de simples tombes de chiens et de chats apprivoisés.",0
164,"Etude de la transmission par greffage de multiplication dans les plantes hotes, du pouvoir pathogene et de la capacite de cette souche a premunir.",1
165,"Les paiements compensatoires sont par exemple les impôts et taxes spécifiques liés au transport, versés par les usagers des transports aux pouvoirs publics, les paiements des voyageurs aux entreprises de transport sous forme de billets et d'abonnements, ou les indemnisations versées par les pouvoirs publics aux entreprises de transport.",0
171,"Une nuit enfin, quelque dieu lui permit un rêve.",0
175,"Paradoxalement, les obligations réglementaires très strictes facilitent le développement de la sous-traitance et renforceront par conséquent notre dynamisme économique.",0
176,Cette série documentaire en trois volets retrace un siècle d'histoire de la Chine en détaillant son ascension vers le statut de superpuissance,0
179,"Expérience qu'il ne put mener à bien, mais qu'il y avait déjà bien du mérite à concevoir: Réaumur est le premier biologiste qui ait tenté de prolonger la vie d'un mammifère en lui imposant une torpeur artificiellement entretenue.",1
181,"Enfin, tandis que les deux rois faisaient chanter des Te Deum chacun dans son camp, il prit le parti d'aller raisonner ailleurs des effets et des causes.",1
189,"Ce qui est le pur subjectif tend à s'objectiver, devient langage, temple, fête, individu.",1
196,La Révolution française étend ce système de recrutement à l'ensemble des administrations techniques en suscitant la création de l'École polytechnique en 1794.,1
198,"Les uns allaient rendre leurs armes ; d'autres, qui les avaient abandonnées déjà, marchaient silencieusement, les mains ballantes.",0
200,Les Inuits espèrent pouvoir s'appuyer sur un rapport qui sera remis en septembre 2004 aux huit pays du Conseil de l'Arctique.,0
201,On voit grandir une masse d'ouvrier spécialisé de l'informatique qui alimentent les tuyaux de l'information rapide.,1
204,"Chaque jour je fixais le lendemain comme l'époque invariable d'une déclaration positive, et chaque lendemain s'écoulait comme la teille.",1
213,"En effet, Monsieur Helmut Kohl donne priorité aux Allemands de l'Est.",0
217,"Sont considérés comme ""arriérés de paiement"" les impayés ou les retards de paiement dans les cas suivants: loyer ou intérêts hypothécaires sur le logement principal, factures d'eau, d'électricité, de gaz et de chauffage, primes d'assurance-maladie, remboursement de crédits et impôts.",0
225,"Ils venaient se délasser dans les beaux-arts des inquiétudes de la vente ; mais, n'oubliant point les affaires, ils causaient encore cotons, trois-six ou indigo.",0
232,"Comment penser les conséquences d'une authentique libération de l'homme dans ses interactions morales, sociales et politiques",1
236,"Vous eussiez dit deux éclairs bleuâtres, pareils aux épars, non suivis de tonnerre, qui labourent parfois les firmaments sans nuages des chaudes nuits d'été.",1
238,"Dès qu'il eut fini son intervention éloquante, il partit fièrement.",0
239,J'errais sans cesse devant la porte d'Ellénore.,1
253,Ces derniers sont souvent générés ou amplifiés par une société toujours plus individualiste et ambivalente.,0
255,"Et les étoffes vivaient, dans cette passion du trottoir : les dentelles avaient un frisson, retombaient et cachaient les profondeurs du magasin, d'un air troublant de mystère ; les pièces de drap elles-mêmes, épaisses et carrées, respiraient, soufflaient une haleine tentatrice ; tandis que les paletots se cambraient davantage sur les mannequins qui prenaient une âme, et que le grand manteau de velours se gonflait, souple et tiède, comme sur des épaules de chair, avec les battements de la gorge et le frémissement des reins.",1
259,"Le départ de Mlle Swann qui - en m'ôtant la chance terrible de la voir apparaître dans une allée, d'être connu et méprisé par la petite fille privilégiée qui avait Bergotte pour ami et allait avec lui visiter des cathédrales - me rendait la contemplation de Tansonville indifférente la première fois où elle m'était permise, semblait au contraire ajouter à cette propriété, aux yeux de mon grand-père et de mon père, des commodités, un agrément passager, et, comme fait, pour une excursion en pays de montagnes, l'absence de tout nuage, rendre cette journée exceptionnellement propice à une promenade de ce côté ; j'aurais voulu que leurs calculs fussent déjoués, qu'un miracle fît apparaître Mlle Swann avec son père, si près de nous que nous n'aurions pas le temps de l'éviter et serions obligés de faire sa connaissance.",1
268,Ils ont plus nettement tendance à considérer que les choix concernant leur vie personnelle n'ont à recevoir aucune justification ou approbation sociale.,0
269,"La ""marquise"" reprit un ton plus doux, car elle avait constaté que le protecteur des massifs et des pelouses l'écoutait avec bonhomie sans songer à la contredire, gardant inoffensive au fourreau une épée qui avait plutôt l'air de quelque instrument de jardinage ou de quelque attribut horticole.",1
273,"Le comte Pietranera exposa sa vie pour sauver celle du ministre, qui fut tué à coups de parapluie, et dont le supplice dura cinq heures.",0
277,"Comme la conscience religieuse, la conscience morale est donc malheur.",1
278,"Il n'y a point d'effet sans cause, répondit modestement Candide, tout est enchaîné nécessairement et arrangé pour le mieux.",1
281,"rène Jacob évoque son enfance à Genève (Suisse) entre ses trois frères, son père astrophysicien au CERN, qui aimait dessiner des flip books de personnages de cartoons, et sa mère qui, après quelques années passées au foyer, a repris ses études pour devenir psychothérapeute pour enfants.",0
282,"Tel est en tout cas l'avis d'un avocat florentin, l'honorable Alessandro Traversi, qui a invité le scientifique à représenter les intérêts de son ancêtre lors de l'examen d'une fausse requête en révision du procès de Dante.",0
286,L'inégalité des sexes freine l'accès aux études scientifiques.,0
287,"Pour mieux maîtriser sonlangage en septembre qu'en juin, l'écrivain YakRivais propose une approche très personnelle quin'en finit pas de séduire. Cet auteur tellement lupour sa Grammaire impertinentepropose aussi.des Jeux pour lire vite(Retz). De quoi faire aimerla grammaire aux plus récalcitrants ! Qui résisteen effet au plaisir de ""schtroumpfer"" son texte, c'est-à-dire d'y remplacer tous les verbes d'actionet les participes passés par le verbe ""schtroump-fer"", correctement accordé, bien sûr ? Qui se refu-serait à trouver le plus rapidement possible le motle plus long d'un petit texte ? Ou à identifier desmots cachés.",1
289,"Il a professé à Padoue des principes d'une philosophie qui sent le fagot, dit-on, et ses nombreuses découvertes dans des sciences dangereuses pourront bien finir par le brouiller tout à fait avec l'Église.",0
290,Un agent du marquis sauta sur la digue : Napoléon venait de débarquer au golfe de Juan.,0
295,"Le monde et le savoir vus d'une nacelle de roue foraine - toute l'histoire ramenée au scintillement lisse d'une grande boucle -, ce modèle inconscient de l'Exposphère traverse sans vieillir les décennies et les continents.",1
302,"La disponibilité des services est obtenue par un dimensionnement approprié et une certaine redondance des infrastructures ainsi que par une gestion opérationnelle et une maintenance efficaces des infrastructures, ressources et services.",0
308,"Aujourd'hui, elle contraint les spécialistes de l'éducation à une réflexion aussi douloureuse qu'embarrassante.",1
310,"Ce ""protocole expérimental métaphysique"" aurait donc pour objectif de prouver l'existence de la ""liberté d'indifférence"" proprement humaine",1
313,"Car si subite avait été sa pâmoison, qu'elle avait pris pour une vision l'entrée soudaine de Gérard.",1
315,"Nous la chantions ensemble, ma mère assise au piano, moi, debout devant elle, une main sur le coeur, l'autre tendue vers la barricade, nous regardant dans les yeux; lorsque nous en venions à ""Aux armes, citoyens!"", ma mère abattait ses deux mains avec violence sur le clavier et je brandissais le poing d'un air menaçant.",0
320,"Avec lui, par tous les royaumes de l'Europe, elle aurait voyagé de capitale en capitale, partageant ses fatigues et son orgueil, ramassant les fleurs qu'on lui jetait, brodant elle-même ses costumes: puis, chaque soir, au fond d'une loge, derrière la grille à treillis d'or, elle eût recueilli, béante, les expansions de cette âme qui n'aurait chanté que pour elle seule; de la scène, tout en jouant, il l'aurait regardée.",1
322,"Sheila Watt-Cloutier, présidente de la Conférence circumpolaire des Inuits, a déclaré que les droits des 155 000 Inuits qui vivent au Canada, en Russie, au Groenland.",0
323,"Mais j'avais repris ma vie habituelle, et l'angoisse que j'avais éprouvée commençait à se dissiper, lorsqu'au bout d'un mois M. de P *** me fit avertir qu'Ellénore devait arriver le soir.",1
326,"Sa taille vigoureuse était prise dans un pourpoint de couleur brune ; un petit poignard ciselé lui battait sur la cuisse gauche, et il roulait des regards langoureusement en découvrant ses dents blanches.",1
330,Mon second copain fit des études de commerce,0
338,"Richard Castelli Dès le XIXe siècle, l'usage d'abord des machines puis des robots a déjà conduit à de nombreux licenciements et la disparition de nombreux métiers bien que ce processus ait été ralenti par la possibilité d'une main-d'oeuvre encore plus économique hors des anciens pays industrialisés.",0
339,"La dernière mouture du texte, résultat d'un compromis au sein de la majorité, n'est plus qu'une copie pâlichonne du projet initial: les magasins pourront ouvrir leurs portes dix dimanches par an, au lieu de cinq aujourd'hui.",0
344,"D'autres auteurs ont exploité ce terrain comme Erik Orsenna et ses Chevaliers du subjonctif, sorti à l'automne 2004 (Le Monde de l'éducationn° 328, septembre 2004).",1
347,"Alors il réunit en son palais les bûcherons, les forgerons et les tailleurs de pierre, ceux qui portent de lourds fardeaux , ceux qui des outils pesants , ceux qui travaillent dans les carrières ou dressent debout les colonnes des édifices, tous ceux enfin qui luttent avec les choses inanimées.",1
355,"Au XIXe siècle la querelle du féminisme devient à nouveau une querelle de partisans ; une des conséquences de la révolution industrielle, c'est la participation de la femme au travail producteur : à ce moment les revendications féministes sortent du domaine théorique, elles trouvent des bases économiques ; leurs adversaires deviennent d'autant plus agressifs ; quoique la propriété foncière soit en partie détrônée, la bourgeoisie s'accroche à la vieille morale qui voit dans la solidité de la famille le garant de la propriété privée : elle réclame la femme au foyer d'autant plus âprement que son émancipation devient une véritable menace ; à l'intérieur même de la classe ouvrière, les hommes ont essayé de freiner cette libération parce que les femmes leur apparaissaient comme de dangereuses concurrentes et d'autant plus qu'elles étaient habituées à travailler à de bas salaires.",1
359,"Je montrerai qu'il existe des problèmes de souveraineté, de fuites de données, d'inférences de comportements, de traçage, ou encore de conception des applications.",0
361,Autrefois vous viviez retirée ; vous fuyiez une société fatigante ; vous évitiez ces éternelles conversations qui se prolongent précisément parce qu'elles ne devraient jamais commencer.,1
364,Une meilleure protection de la vie privée conjuguée à des mesures allant dans le sens d'une meilleure gestion des risques de sécurité numérique pourraient contribuer à promouvoir la confiance.,0
370,"Qui est cruel est sexuellement doué, capable de faire souffrir, mais aussi de donner certaines joies, pense le tréfonds.",0
372,"Mais, comme il ne s'entendait guère plus en culture qu'en indienne, qu'il montait ses chevaux au lieu de les envoyer au labour, buvait son cidre en bouteilles au lieu de le vendre en barriques, mangeait les plus belles volailles de sa cour et graissait ses souliers de chasse avec le lard de ses cochons, il ne tarda point à s'apercevoir qu'il valait mieux planter là toute spéculation.",1
374,"Cependant les éditions incunables des Météorologiques, tout comme les autres versions manuscrites et imprimées de ce texte, transmirent dans les commentaires qui les accompagnaient diverses discussions autour de l'alchimie.",1
380,La peur du huis clos de la retraite.,0
385,Mieux vaut les laisser exprimer leurs paradoxes que les méconnaître.,0
386,M. Barrault portait une barbiche et un pince-nez: il vint boire du vin de muscat dans notre villa et se déclara flatté de la confiance que lui témoignait un membre de l'enseignement secondaire.,0
388,"Une mémoire lexicale qui enregistre la carrosserie des mots, et une mémoire sémantique qui compile du sens",1
390,"Autrement dit, tout homme, lorsqu'il porte un regard réflexif sur lui-même, se juge spontanément libre, c'est-à-dire en mesure d'agir simplement en fonction de sa volonté",1
393,"Par exemple au moyen de la technique de l'haplodiploïdisation, qui permet de fixer plus rapidement les caractères génotypiques que par la sélection classique.",1
394,Des clameurs stridentes montaient ; ensuite l'on n'entendait plus qu'une sorte de halètement.,1
405,Celle opposition entre ses sentiments et la place qu'elle occupait dans le monde avait rendu son humeur fort inégale.,1
409,"Quand elle est élevée, la FOMO est souvent associée à une humeur très fréquemment négative, une faible satisfaction de sa vie en général et à plus de symptômes dépressifs.",0
412,"Le terme de géohistoire, défini par Fernand Braudel lorsqu'il choisit la Méditerranée comme objet de sa thèse en 1949, a été repris dans les années 1980 par des géographes qui ont utilisé leurs outils récents de pensée des territoires pour réexaminer non seulement les espaces historiquement révolus, mais simultanément considérer les ""régions du temps"", les périodes, comme des objets formalisables.",1
413,"Autour d'elles, sous elles, coulait un grand ruissellement, les seaux d'eau chaude promenés et vidés d'un trait, les robinets d'eau froide ouverts, pissant de haut, les éclaboussements des battoirs, les égouttures des linges rincés, les mares où elles pataugeaient s'en allant par petits ruisseaux sur les dalles en pente ; et, au milieu des cris, des coups cadencés, du bruit murmurant de pluie, de cette clameur d'orage s'étouffant sous le plafond mouillé, la machine à vapeur, à droite, toute blanche d'une rosée fine, haletait et ronflait sans relâche, avec la trépidation dansante de son volant qui semblait régler l'énormité du tapage.",1
415,"Créatrice d'emplois, la filière permet aussi de rééquilibrer une balance commerciale souvent désavantageuse, tout en diversifiant les activités locales.",0
417,"Seules, les grandes familles font usage du nom de leur appartenance patronymique.",0
427,"Une épidémie de rage nous menace, dit Sagunta, et je suis la seule à posséder les pains de Saint-Hubert, patron des chasseurs et guérisseur des enragés",0
433,"Au crépuscule, nous vous attendîmes patiament, mais vous oubliâtes notre rendez-vous.",1
436,"Une question de survie expliquent-ils, pour réduire l'impact écologique et le prélèvement des ressources naturelles, mais aussi une volonté de promouvoir d'autres valeurs : l'altruisme, la coopération, le loisir.",0
437,"Mon imagination, s'irritant de l'obstacle, s'empara de toute mon existence.",1
448,"Dehors, universelle, une inlassable pluie disait leur malheur.",0
450,"L'espace parcouru, celui des campagnes et des petites bourgades, possède finalement sa cohérence propre et, surtout, s'avère beaucoup plus marquant que l'arrivée à Paris.",0
456,Elle avait subi son époux sans ardeur et sans répugnance.,0
461,"En raison de la sécheresse qui a réduit les récoltes, le même gouverneur Bradford proclame une journée de jeûne et de prière",0
462,"Suis-je un amuseur stipendié, dont on exige tous les soirs qu'il joue une farce intellectuelle sous vos nez imbéciles",1
465,"Ils sont descendus comme des zombis jusqu'au troquet du coin, ont bu deux ou trois cafés d'affilée, ont enfourché leur moto et sont venus se rendormir auprès d'elle sur d'affreux fauteuils de skaï noir",0
468,BigQuery est un entrepôt de données d'entreprise de Google en mode sans serveur.,0
474,"Un homme qui n'avait point été baptisé, un bon anabaptiste, nommé Jacques, vit la manière cruelle et ignominieuse dont on traitait ainsi un de ses frères, un être à deux pieds sans plumes, qui avait une âme.",1
477,La seconde partie traite du rôle de l'encombrement stérique dans la régiosélectivité d'une oxydation métabolique.,1
483,"Après le prélèvement, le laboratoire effectue des tests pour déterminer le groupe sanguin et le facteur rhésus.",0
484,"Sa face plate, au nez camard, luisait comme si on l'eût frottée d'huile, et son dos rond, son encolure épaisse avec ce dandinement machinal, faisaient penser à quelque bête, à un ours difforme et monstrueux.",1
488,"Alors que leurs effets dévastateurs sur les insectes pollinisateurs ne sont plus à prouver, les néonicotinoïdes seraient également néfastes pour les mammifères dont les humains.",0
498,"Des modérateurs seront chargés de déterminer quels contenus enfreignent les règlements, mais la plateforme espère mettre au point un système à la fois humain et automatisé pour détecter les messages problématiques.",0
503,"En effet, le fantastique allongement de l'espérance de vie (76, 7 ans pour les hommes, 83, 8 pour les femmes) déroule trois belles décennies devant eux.",0
511,"Une étude portant sur 133 pays en développement indique que la migration dans les villes peut entraîner jusqu'à un doublement de la consommation de plats gras et sucrés, peu chers et immédiatement disponibles, au détriment d'une nourriture traditionnelle plus coûteuse et nécessitant un temps plus long de préparation.",0
518,"Le changement personnel, valorisé depuis une trentaine d'années, serait-il devenu une incantation collective ?",0
526,"Du fait de la progression démographique et du développement des classes moyennes dans le monde, les systèmes éducatifs vont devoir former, d'ici à 2050, autant d'étudiants que durant toute l'histoire de l'humanité réunie car d'ici là, ""l'infosphère"" continuera son expansion vertigineuse ; la masse de connaissances double déjà tous les deux ans.",1
529,"Fort de ce succès, Roger Rougier a continué à développer cette approche amusante des apprentissages.",0
530,Elle dénoua le ruban qui attachait le manche de la quenouille à son corsage et me tendit la quenouille,0
531,"Dans la plupart des cas, ils désignent moins les cours et les enseignants que l'espace d'une vie ponctuée par les conquêtes progressives d'une liberté nichée dans les interstices de l'organisation scolaire : le temps des amours et des amitiés, celui des premières fois, avec la ronde des mini-bandes, des codes cachés et des fous rires.",1
532,"Tout à coup, son regard tomba parmi le fouillis des madriers, sur un étui de bois triangulaire et rouge.",0
534,"Ces deux luttes sont liées, elles déconstruisent les rapports de domination, d'exploitation et de conquête au nom de l'Homme, dont la lettre capitale ne dissimule plus la posture prédatrice qu'il a tant incarnée.",0
535,"Et les discours sur la jeunesse, surtout les sérieux, mettent en scène les aspects dramatiques d'une expérience écrasée par les angoisses et les contradictions de la société.",0
538,"Elle confirme que l'organisation qui représente 155 000 Inuits du Canada, d'Alaska, du Groenland et de Russie envisage de déposer un recours juridique devant la Commission interaméricaine des droits de l'homme.",0
545,"Jusqu'à présent, les professionnelles grâce à leur propre acculturation, mais aussi aux normes, valeurs, idéologies véhiculées par la formation et le milieu professionnel, s'identifiaient au modèle transmis par l'histoire.",0
553,"Ce qui est à moi, ces quelques milliers de mortiférés qui tournent en rond dans la calebasse d'une île et ce qui est à moi aussi, l'archipel arqué comme le désir inquiet de se nier, on dirait une anxiété maternelle pour protéger la ténuité plus délicate qui sépare l'une de l'autre Amérique ; et ses flancs qui sécrètent pour l'Europe la bonne liqueur d'un Gulf Stream, et l'un des deux versants d'incandescence entre quoi l'Equateur funambule vers l'Afrique. Et mon île non-clôture, sa claire audace debout à l'arrière de cette polynésie, devant elle, la Guadeloupe fendue en deux de sa raie dorsale et de même misère que nous, Haïti où la négritude se mit debout pour la première fois et dit qu'elle croyait à son humanité et la comique petite queue de la Floride où d'un nègre s'achève la strangulation, et l'Afrique gigantesquement chenillant jusqu'au pied hispanique de l'Europe, sa nudité où la Mort fauche à larges andains.",1
555,"Les sociétés modernes demandent beaucoup aux jeunes ; elles exigent qu'ils soient libres et sérieux, autonomes et prévoyants, originaux et conformes.",0
557,"L'école doit s'adapter au XXIe siècle Du fait de la progression démographique et du développement des classes moyennes dans le monde, les systèmes éducatifs vont devoir former, d'ici à 2050, autant d'étudiants que durant toute l'histoire de l'humanité réunie.",0
559,L'apprentissage du code et plus largement d'une culture générale du numérique à l'école est une mesure réclamée depuis longtemps par l'Académie des sciences.,1
570,"Vendus sous forme de petits formats noir et blanc, ses Jeux pour s'entraîner à raisonner ou ses Jeux de calcul mental trompent bien leur petit monde",1
571,"Les expériences qui ont été faites démontrent donc chez l'enfant l'aptitude au mimétisme phonique mais aussi la capacité d'acquérir non seulement le vocabulaire et la syntaxe, mais aussi la prononciation",1
582,"C'est un truisme de dire qu'une économie fonctionnant bien, hautement rationalisée et unifiée, exige un étalon d'échange stable.",1
586,"On pensait qu'il était l'espion du marquis son père, et il fallait ménager ce despote sévère et toujours furieux depuis sa démission forcée.",0
595,Le sénateur élu à la représentation proportionnelle dont le siège devient vacant pour toute autre cause que l'acceptation de fonctions gouvernementales est remplacé par le candidat figurant sur la même liste immédiatement après le dernier candidat devenu sénateur conformément à l'ordre de cette liste.,0
596,Dommage ces fils et ces poteaux qui balafrent le décor,0
604,"D'autres fois, lassé moi-même de mon silence, je me laissais aller à quelques plaisanteries, et mon esprit, mis en mouvement, m'entraînait audelà de toute mesure.",1
612,"Ashton lui lançait en notes graves des provocations homicides, Lucie poussait sa plainte aiguë, Arthur modulait à l'écart des sons moyens, et la basse-taille du ministre ronflait comme un orgue, tandis que les voix de femmes, répétant ses paroles, reprenaient en choeur, délicieusement.",0
619,"Lorsque nous lûmes ce passage émouvant, nous rappelant les jours heureux passés, nous pleurâmes face à nos existances misérables et sans lendemain.",0
620,"Le ""rebâchage"" envoie les données dans la première mémoire, tandis que plusieurs approches différentes d'un même sujet vont permettre de dégager du sens et d'envoyer les don- nées communes au coeur de la mémoire sémantique"", explique-t-il",1
624,"L'intensité carbone de la Suisse est certes modérée, grâce à une faible intensité énergétique et à une production d'électricité presque totalement décarbonée.",0
628,"D'autres auteurs ont exploité ce terrain comme Erik Orsenna et ses Chevaliers du subjonctif, sorti à l'automne 2004.",0
634,La contrainte deviatorique est appliquee a des temps variant de 0 a 240 minutes apres la phase de consolidation sous la contrainte de confinement.,0
640,"Dans cette véritable ""biographie de la langue française"", les auteurs veulent mettre les pendules à l'heure et malmener queslques fausses croyances",1
645,"Ce monde, absorbé dans ses frivolités solennelles, ne lira pas dans un coeur tel que le mien.",1
654,Simultanément des forestiers se convertissent à l'aménagement afin de procéder à une exploitation sylvicole rationnelle.,0
655,"Quand elle fut arrivée au cimetière, elle s'agenouilla pour prier",1
657,"En effet, le travail étant un des facteurs principaux qui permet à l'Homme d'améliorer son existence la perfectibilité le développe",1
659,"Quelle activité, sinon l'hébergement touristique, permet de conjuguer toutes ces motivations ?",0
660,"Notamment, ils valorisent davantage la tolérance, l'ouverture aux autres, le métissage culturel, la solidarité et l'indépendance d'esprit.",0
667,"Une fois, s'étant penché sur une source, il se vit décharné, haché par les cicatrices, les lèvres gercées , tout misérable enfin.",1
669,"Le vieux rêve encyclopédique resurgit cependant dans les Expositions contemporaines avec ce qu'on pourrait nommer la clôture de l'utopie, par quoi la planète se résume en un panorama et tout l'ordre du monde se ramène à la taille d'un parc d'attractions qu'un seul regard peut embrasser, sans restes ni recoins.",1
670,"Et se précipitant sur un livre de messe relié en velours violet, monté d'or, et d'où, dans sa hâte, elle laissait s'échapper de ces images, bordées d'un bandeau de dentelle de papier jaunissante, qui marquent les pages des fêtes, ma tante, tout en avalant ses gouttes commençait à lire au plus vite les textes sacrés dont l'intelligence lui était légèrement obscurcie par l'incertitude de savoir si, prise aussi longtemps après l'eau de Vichy, la pepsine serait encore capable de la rattraper et de la faire descendre.",1
680,"L' ""acte gratuit"" est donc une notion philosophiquement problématique : la volonté de prouver sa liberté par un acte supposé sans mobile constitue, par elle-même, un mobile",1
682,Elles regrettèrent leur geste après qu'elles furent descendues du train.,0
683,"Le soir du 25 août 1830, le théâtre de la Monnaie, à Bruxelles, donne une représentation de l'opéra La Muette de Portici, dont le sujet se trouve être un soulèvement des Napolitains contre leur oppresseur",0
687,Ils sont bien décidés à vivre à fond leur deuxième âge adulte.,0
692,"Ultime sophistication, les auteurs et réalisateurs de la série mettent un point d'honneur à toujours, ou presque, trouver un point de raccord entre les scènes même quand dix ou quinze ans les séparent.",0
697,"Et les mèches de ses cheveux roux crespelés par la nature, mais collés par la brillantine, étaient largement traitées comme elles sont dans la sculpture grecque qu'étudiait sans cesse le peintre de Mantoue, et qui, si dans la création elle ne figure que l'homme, sait du moins tirer de ses simples formes des richesses si variées et comme empruntées à toute la nature vivante, qu'une chevelure, par l'enroulement lisse et les becs aigus de ses boucles, ou dans la superposition du triple et fleurissant diadème de ses tresses, a l'air à la fois d'un paquet d'algues, d'une nichée de colombes, d'un bandeau de jacinthes et d'une torsade de serpents.",1
703,Notre mode de pensée mutilé conduit à des actions mutilantes.,1
706,"Et Kant ajoute pour préciser : ""(.) si la loi morale n'était pas d'abord clairement conçue dans notre raison, nous ne nous croirions jamais autorisés à admettre une chose telle que la liberté (.)",1
709,L'ultracrépidarianisme constitue dans certains cas un exemple d'utilisation d'un argument d'autorité.,0
710,Notre étude se concentre sur l'impact d'une couverture maladie universelle sur le taux de mortalité dans les pays développés.,0
720,"Au protectionnisme culturel, ensuite",0
722,"Après dîner, Arthur me donnait souvent une petite friandise avant de ressortir, et je m'assoupissais tranquillement dans mon panier",0
723,"Elle se dressait à la lisière des champs et des pâturages , haute et sombre comme une citadelle , si vaste qu'elle barrait tout un pan de l'horizon.",0
725,"L'entreprise développe par ailleurs des projets d'exploration spatiale vers la Lune et Mars, et le programme Starlink d'accès à haut débit à Internet par satellites sur Terre.",0
726,"Duroy s'assit sur un canapé très bas, rouge comme les tentures des murs, et dont les ressorts fatigués, s'enfonçant sous lui, lui donnèrent la sensation de tomber dans un trou",1
727,"Si nous devenions tous uniformément monolingues, notre cerveau en serait affecté, au point de perdre une partie de notre créativité linguistique innée.",0
728,Il sera nécessaire de faire un effort de pédagogie pour faire adopter ces nouvelles technologies qui se banaliseront.,0
729,"D'autres éditeurs exploitent le créneau, et Internet regorge de sites intéressants qui permettent une approche moins scolaire, certes, mais tellement plus amusante, des mathématiques",1
732,La diversité des langues a été alors perçue comme une entrave aux échanges et à la diffusion du savoir.,0
734,"Pour expliquer ces différences, il est nécessaire d'utiliser le concept social du genre (Doyal, 2003), qui permet de comprendre par exemple comment les normes sociales ont favorisé l'adoption du tabagisme par les hommes d'abord, puis plus tardivement par les femmes.",0
736,Le travail de doctorat porte sur le développement de méthodes génériques afin d'extraire des événements nouveaux et pertinents dans des données textuelles hétérogènes.,0
738,"Loin du gouvernement, il parvient à incarner une alternative de droite au gaullisme",0
740,"Selon un sondage publié en mai de BVA et du Syntec Numérique, une fédération professionnelle du secteur informatique favorable à la mesure, 87% des Français seraient même d'accord pour que la programmation informatique soient enseignée à l'école (24% à partir du primaire, 41 % à partir du collège).",0
741,"Engagé à 16 ans dans la Résistance, député puis sénateur, il avait réussi, dans la France très conservatrice d'avant 1968 à faire adopter en 1967, contre la majorité de son camp politique, la loi autorisant la contraception",0
744,Fabrice montra son passeport qui le qualifiait marchand de baromètres portant sa marchandise.,0
747,"Aussitôt qu'elle eut perdu son chien, elle le chercha désespérément",1
750,La disparition des langues devrait nous préoccuper au même titre que celle des espèces animales ou végétales.,0
751,"De ce poste élevé elle participait avec entrain à la conversation des fidèles et s'égayait de leurs ""fumisteries"", mais depuis l'accident qui était arrivé à sa mâchoire, elle avait renoncé à prendre la peine de pouffer effectivement et se livrait à la place à une mimique conventionnelle qui signifiait sans fatigue ni risques pour elle, qu'elle riait aux larmes.",1
755,"On pouvait nous entendre, j'adressai à Ellénore des questions indifférentes.",1
756,"L'ex-président de la République, Win Myint, déjà inculpé pour ne pas avoir respecté des restrictions liées au coronavirus, est désormais accusé d'avoir enfreint la Constitution, a indiqué à l'AFP l'avocat Khin Maung Zaw.",0
759,"A 50 ans, on est vieux pour l'entreprise, tranche la chasseuse de têtes Catherine Euvrard, sexa survitaminée.",0
765,"Ou s'obstiner à garder les rênes de leurs entreprises, à occuper les postes d'administrateurs et les sièges électifs ?",0
766,Le développement des technologies a permis une augmentation importante de la productivité et a soulagé les hommes de nombreuses tâches ingrates ; pourtant le travail occupe encore une très large place dans nos existences.,0
769,"La première conséquence du vieillissement est un ralentissement de la croissance économique, par manque de main-d'oeuvre, déficit d'investissement, et surcroît de dépenses sociales.",0
771,"Malgré la supériorité scolaire des filles, les enseignants eux-mêmes reproduisent les clichés sexistes, en favorisant inconsciemment les garçons.",0
772,"Rappelant que les propos du Premier ministre tenus lors du Congrès sur la révision constitutionnelle relative à la parité portaient sur les modes de scrutin de manière générale, tout en insistant particulièrement sur les élections législatives, M. Guy Cabanel, rapporteur pour le Sénat, a regretté que le texte adopté par l'Assemblée nationale ne démente ces propos en procédant à une manipulation du mode de scrutin municipal.",0
773,"Cette lignée est ensuite diploïdée au moyen d'un traitement chimique, pour la rendre fertile.",0
774,"Je ne demandais alors qu'à me livrer à ces impressions primitives et fougueuses qui jettent l'âme hors de la sphère commune, et lui inspirent le dédain de tous les objets qui l'environnent.",1
777,"Cela ressemble à de la science-fiction, mais pourtant, la claytronique, comme on l'appelle, devrait être plus facile à réaliser que la fabrication moléculaire nanotechnologique, car se situant malgré tout bien au-dessus du niveau nanométrique.",0
781,On ne s'attaque pas impunément à un repère culturel et temporel aussi fort que le septième jour.,1
782,"Dans une récente synthèse des recherches menées sur les grands usagers des smartphones et des réseaux sociaux, les chercheurs ont mis en évidence une plus grande probabilité de souffrir de certains problèmes psychologiques : anxiété, dépression et addiction.",0
783,"Les tribus indiennes découvrent le massacre quand, amer détour de l'histoire, les autorités du Montana leur proposent d'en profiter pour s'approvisionner en viande.",0
787,"Tourné en 3D par le réalisateur LWitley, ce nouvel épisode intergalactique, foisonnant, donne vite la migraine",0
794,"J'avais obtenu, par un travail assez opiniâtre, au milieu d'une vie très dissipée, des succès qui m'avaient distingué de mes compagnons d'étude, et qui avaient fait concevoir à mon père sur moi des espérances probablement fort exagérées.",1
796,"Comme Schleiermacher, Hegel a senti assez vite qu'il y a dans la nature humaine un besoin de connaissances divines1 auquel se lient d'ailleurs des exigences morales; la religion ne tombe pas du ciel sur n'importe quel astre",1
803,"Un siècle auparavant, l'Empire mongol, en transformant un temps la route de la soie en une immense construction politique, avait fait exploser les échanges de la Méditerranée au Japon en passant par l'Insulinde, pour le meilleur (papier, imprimerie.) ou pour le pire (peste noire, poudre à canon.).",0
804,"Ces plus de 55 ans, qui furent les petits Français babillants du babyboom de l'après-guerre, représentent aujourd'hui 16 millions de nos compatriotes, soit 20 % de la population !",0
805,"Ainsi, dans l'espace de socialisation temporaire que représente le centre de formation, nous voyons apparaître des formes de convergence linguistique qui identifient des statuts et des positionnements, ainsi que des déplacements discursifs vers d'autres modes de convergence.",1
810,Et quel aspect hétéroclite que le sien !,0
819,"Les vers du vieux Baro valant moins que zéro, j'interromps sans remords !",1
821,"Brigitte Munier Il appartient à l'homme de ne point se laisser intimider ou séduire par la puissance des robots au point de perdre le sens de la spécificité des compétences purement humaines : l'illogisme apparent propre à l'émotivité, à la sensibilité et à l'imagination symbolique rend ces facultés inimitables par des machines, même programmées pour simuler l'empathie.",1
827,"Faute d'y avoir réfléchi, car la recherche sur les conséquences sociales du vieillissement reste limitée.",0
828,"Ces bactéries, avec lesquelles nous vivons en symbiose, sont nos amies : nous leur apportons à manger ; en contrepartie, elles s'occupent de prédigérer les aliments pour nous les rendre assimilables.",0
835,"D'un côté, elle génère de nouveaux besoins alimentant toujours plus le narcissisme, auxquels adolescents et jeunes adultes sont si sensibles (comme le besoin de popularité) et, de l'autre côté, elle provoque nombre de frustrations.",0
853,"La flatterie n'émane jamais des grandes âmes, elle est l'apanage des petits esprits qui réussissent à se rapetisser encore pour mieux entrer dans la sphère vitale de la personne autour de laquelle ils gravitent.",1
854,"Il existe, pour une fois, un consensus très large sur les conclusions d'un organisme scientifique collégial international, le Giec : pour faire face au dérèglement climatique, il est impératif de ""décarboner"" nos économies !",0
859,"L'accès à des moyens de transport, la mécanisation du travail et la sédentarisation, l'augmentation des loisirs passifs, comme le cinéma et la télévision, jouent certainement un rôledans les changements observés dans les pays en voie de développement.",0
862,"Nous passons notre temps à établir, désétablir.",0
866,Une génération décrispée pour laquelle il est devenu presque banal de refaire sa vie largement passé l'âge de la retraite et tout aussi courant que ces nouveaux amoureux conservent chacun son logement.,0
867,"De même, la valorisation de la solidarité, qui reste moyenne dans l'opinion, n'empêche pas la France d'être une société de défiance où seul un petit quart des personnes interrogées se déclarent prêtes à accorder spontanément leur confiance à autrui.",0
872,"À l'issue de l'élection, un compte de campagne retraçant l'ensemble des recettes et des dépenses électorales est déposé auprès de la Commission nationale des comptes de campagne et des financements politiques qui en contrôlera la véracité.",0
873,"On eût dit quelquefois qu'une révolte secrète se mêlait à l'attachement plutôt passionné que tendre qu'elle leur montrait, et les lui rendait en quelque sorte importuns.",1
877,La malnutrition apparaît donc aujourd'hui comme le résultat d'une organisation inadéquate du système économique et politique.,0
879,"Table ronde avec Bruno Bonnell, PDG de Robopolis, société française spécialisée dans la robotique personnelle, Richard Castelli, commissaire artistique de l'exposition ""Art robo-tique"" à la Cité des sciences et de l'industrie à Paris et Brigitte Munier, enseignante-chercheuse.",0
883,"La formation, la santé et les relations sociales font partie des dimensions immatérielles du bien-être, lesquelles englobent aussi le cadre légal et institutionnel qui permet la participation des citoyens à la vie politique et qui assure la sécurité physique des personnes.",0
884,Elle élevait deux enfants qu'elle avait eus du comte de P *** avec une austérité excessive.,0
885,"C'est une trêve attendue qui vient adoucir de ses contes, des coeurs endoloris et parfois esseulés",1
886,"Qui résiste en effet au plaisir de ""schtroumpfer"" son texte, c'est-à-dire d'y remplacer tous les verbes d'action et les participes passés par le verbe ""schtroumpfer"", correctement accordé, bien sûr ?",1
888,"On allait toucher les quartiers de la petite pension, et c'était la pauvre veuve du général cisalpin qui prêtait quelques sequins à la richissime marquise del Dongo.",0
894,Nous partîmes cinq cents ; mais par prompt renfort nous nous vîmes trois mille en arrivant au port,1
895,Illusion du vrai jamais immuable!,0
898,Marie et Laurent se furent téléphoné tous les jours dès les premières heures de l'aube.,0
903,"International Business Machines Corporation, connue sous le sigle IBM, est une société multinationale américaine présente dans les domaines du matériel informatique, du logiciel et des services informatiques.",0
904,Certaines espèces présentent une adaptation chromatique à la vie en eau profonde grâce à des variations du rapport phycoérythrine : phycocyanine.,0
907,Ces espérances l'avaient rendu très indulgent pour beaucoup de fautes que j'avais commises.,1
913,"À bord de leur vaisseau, Rosco et le capitaine Jim ont pour mission de sauver l'univers d'un terroriste imprudemment décongelé",0
915,"Après qu'il eut lu sa correspondance, il sortit faire une promenade",1
918,"Et chaque année, 2 500 Français créent un gîte rural, une aventure pourtant risquée.",0
919,"Les épines déchirèrent ses pieds ; des rameaux pointus le blessèrent au visage ; il souffrit tour à tour de l'écrasant soleil et de la bise glacée, pensa mourir de faim, de soif et de fatigue.",1
924,"Pour l'unilingue, à tout signifiant correspond un seul signifié",1
926,"Fabrice prit la poste, passa le Saint-Gothard ; son voyage fut rapide, et il entra en France par Pontarlier.",0
930,Il est nécessaire que les gens soeint conscients de l'importance de l'écologie,1
932,"Pourtant, ce geste famillier rappelle quotidiennement la construction inégalitaire du Monde initiée au XVe siècle.",0
934,"Chaque acteur doit établir des relations triurnes impliquant les aspects énergétiques, émotionnel, et computationnel.",0
939,"Il dépeignait de longues processions , cavaliers, adolescents et jeunes filles, qui gravissaient en chantant les collines sacrées ; des temples couronnaient ces collines, des sanctuaires grandioses et délicats où s'abritaient les statues des dieux et des déesses, si belles qu'on les devinait non point de vulgaires images, mais bien la preuve visible de la divinité.",1
941,"Le mot ""robot"" a été inventé par l'auteur tchèque Karel Capek de la pièce Rossum's Universal Robots (R.U.R), jouée en 1920, et qui mettait en scène des hommes décérébrés prenant la place des ouvriers dans les usines.",0
943,"On éventrait la croûte, on mordait à même, on se brûlait, on se retirait vivement et la pomme de terre roulait quelquefois sur les genoux où une main leste la rattrapait à temps",0
944,Ces analyses sont effectuées par la recherche d'anticorps ou par dépistage direct de l'agent pathogène.,0
945,Le caractère temporaire du remplacement pour cause d'acceptation de fonctions gouvernementales s'applique au dernier candidat devenu sénateur conformément à l'ordre de la liste.,0
947,"Cependant il advint qu'au sortir des forêts, ce Lion fut pris dans des rets, dont ses rugissements ne le purent défaire.",1
949,Ses premiers travaux importants sont réalisés au service du duc Ludovic Sforza à Milan.,0
954,Les conditions de victoire et objectifs dépendent du type de carte jouée.,0
959,"Au nom du mot 'tradition, ' ils demandent que les autochtones se conforment à celles-ci.",0
963,"Une motocyclette, plus couramment désignée par son abréviation moto, est un véhicule motorisé, sans carrosserie, à deux roues le plus souvent monotraces, pouvant être équipé d'un side-car.",0
964,"Ton direct et souvent bougon pour Joe Manchin, 73 ans, et discrétion médiatique contrastant avec les perruques et tenues colorées de Kyrsten Sinema, 44 ans, première candidate au Sénat ouvertement bisexuelle en 2018.",0
965,"A cet égard, il existe de nombreux avantages techniques pour les enfants bretons à apprendre le breton",1
967,Je fus accueilli dans cette cour avec la curiosité qu'inspire naturellement tout étranger qui vient rompre le cercle de la monotonie et de l'étiquette.,1
971,"Par ressource, dans la perspective de ce travail, j'entends ainsi le processus relationnel et variable, entre un objet et des usagers, lesquels en retirent des biens et services variés.",1
978,"Enfin, après quatorze années d'attente, il eut cette joie inexprimable de voir les troupes autrichiennes rentrer dans Milan.",0
979,Les langues vivantes en France sont enseignées comme des langues mortes,1
981,Je sortis quand j'eus pris mes clés,1
986,"Mais utiliser le mot esclave revient à considérer qu'ils sont autre chose que des machines. Leurs capacités de déduction et de connexion sont certes développées, leur force mécanique est puissante, leur précision micrométrique mais les robots restent des machines au service de l'homme.",1
988,"Et comme dans ce jeu où les Japonais s'amusent à tremper dans un bol de porcelaine rempli d'eau de petits morceaux de papier jusque-là indistincts qui, à peine y sont-ils plongés s'étirent, se contournent, se colorent, se différencient, deviennent des fleurs, des maisons, des personnages consistants et reconnaissables, de même maintenant toutes les fleurs de notre jardin.",1
993,"Dans le langage courant, la liberté renvoie au pouvoir que possède tout homme de n'obéir qu'à lui-même, qu'à sa propre volonté, et d'agir uniquement en fonction de ses désirs, indépendamment de toute contrainte ou de toute pression extérieure",1
996,L'approche fonction de tâche permet alors d'élaborer des lois de commande réalisant correctement la tâche avec de bonnes proprietés de convergence et de stabilité.,1
1008,"Plus précisément, la photosynthèse comprend l'utilisation de l'énergie lumineuse pour la réduction du dioxyde de carbone par l'eau, donneur d'hydrogène, avec synthèse de glucides et libération d'oxygène.",0
1009,"Le frère aîné de Fabrice, le marchesine Ascagne, voulut se mettre des promenades de ces dames ; mais sa tante jetait de l'eau sur ses cheveux poudrés, et avait tous les jours quelque nouvelle niche à lancer à sa gravité.",0
1010,Ainsi s'explique l'ambivalence du public occidental pour les robots réels qu'il assimile aux Golem-robots inlassablement repris dans la fiction: une réflexion angoissante portant sur la nature humaine interfère avec l'admiration pour les progrès de la robotique.,0
1014,Il faut admettre avec un égal intérêt ces théories d'art si différentes et juger les oeuvres qu'elles produisent uniquement au point de vue de leur valeur artistique en acceptant a priori les idées générales d'où elles sont nées.,1
1033,"Mais soyons sérieux, nouvelles en bref : économie",0
1034,"Mais au soir de ce jour-là, ayant accompli l'ordre des dieux, souffert et peiné lui-même pour obtenir celle qu'il aimait, la vierge unique avec laquelle il devait fonder une race divine - au soir de ce jour-là, il découvrit l'Enchanteresse.",1
1035,"Des événements privés - séparation, naissance, deuil ou problème de santé - peuvent aussi jouer un rôle clé dans la reconversion.",0
1036,L'analyse en composantes principales a montré que le métal est surtout accumulé dans les viscères mais très peu dans la chair et les branchies du poisson.,0
1039,"Sans honneur que précaire, sans liberté que provisoire, jusqu'à la découverte du crime ; sans situation qu'instable, comme pour le poète la veille fêté dans tous les salons, applaudi dans tous les théâtres de Londres, chassé le lendemain de tous les garnis sans pouvoir trouver un oreiller où reposer sa tête, tournant la meule comme Samson et disant comme lui : ""Les deux sexes mourront chacun de son côté"".",1
1045,"une del Dongo être réduite à vivre avec la pension que la cour de Vienne, dont il avait tant à se plaindre, accorde aux veuves de ses généraux !",0
1050,"La faute au cartésianisme et aussi à la fonction de reproduction sociale de l'école : l'allemand, langue peu répandue, est préférée par les parents bourgeois, à l'espagnol, comme seconde langue",1
1053,Je démêlai dans les traits d'Ellénore une impression de mécontentement et de tristesse.,1
1059,Un battement de coeur la prit dès le vestibule.,0
1060,Un jeune Enfant dans l'eau se laissa choir en badinant sur les bords de la Seine.,0
1061,"Ces énoncés se servent des signes, mais également des règles de formation pour produire des phrases d'une langue avec le lexique",1
1063,"Elle semble plutôt le fruit d'une vision fantasmée et déconnectée de la réalité, qui accentue la déformation américaine de la représentation de notre capitale.",0
1072,"Ce paradoxe a été repris par une palanquée d' écrivaines et d'écrivains : voyage immobile au Népal, dans l' Himalaya, dans un phare",0
1075,"Et l'un de ces héritiers de Platon et du paganisme, Proclus (412-485), se lever en pleine nuit pour entonner des hymnes à la Lune ?",0
1078,"Je poursuivais jusque sur le talus qui, derrière la haie, montait en pente raide vers les champs, quelques coquelicots perdus, quelques bluets restés paresseusement en arrière, qui le décoraient çà et là de leurs fleurs comme la bordure d'une tapisserie où apparaît clairsemé le motif agreste qui triomphera sur le panneau ; rares encore, espacés comme les maisons isolées qui annoncent déjà l'approche d'un village, ils m'annonçaient l'immense étendue où déferlent les blés, où moutonnent les nuages, et la vue d'un seul coquelicot hissant au bout de son cordage et faisant cingler au vent sa flamme rouge, audessus de sa bouée graisseuse et noire, me faisait battre le coeur, comme au voyageur qui aperçoit sur une terre basse une première barque échouée que répare un calfat, et s'écrie, avant de l'avoir encore vue : ""La Mer !"".",1
1084,Enfin la délivrance après soixante-quatorze jours d'une régate exceptionnelle,0
1087,"C'est ainsi que dans la troisième partie de l'Ethique, dans la section intitulée De l'origine et de la nature des affections, Spinoza rejette totalement l'idée selon laquelle l'homme occuperait une place privilégiée au sein de la nature",1
1092,"C'est à partir de Francis Bacon, et donc vers la fin du XVe siècle, qu'on voit s'indiquer une nouvelle orientation de l'esprit qui aboutit à réhabiliter l'audace expérimentale en annexant à la véritable science un domaine qui jusque-là ressortissait à la magie.",1
1097,"Au dehors on apercevait une grande tache d'un vert clair que faisaient les feuilles d'un arbre, éclairées par la lumière vive des cabinets particuliers.",1
1104,Beaucoup d'apiculteurs se mithridatisent plus ou moins contre le venin des abeilles.,0
1105,"La ville, chaude comme une étuve, paraissait suer dans la nuit étouffante.",0
1106,Une vieille femme cacochyme déambulait devant lui en boitant.,0
1110,"Ainsi, les conditions-cadre économiques sont liées au système politique: la politique financière a une influence sur le système de protection sociale, sur le système éducatif ou - par le biais des taxes d'incitation - sur l'environnement.",0
1115,"Ironie du sort, les richissimes membres de l'Opep souhaitent que ce fonds finance leur ""diversification économique"", rendue obligatoire par la chute à venir des exportations de pétrole.",0
1116,"Prochain obstacle, dès cette semaine: le vote attendu à la chambre haute sur le vaste plan de relance de l'économie américaine, frappée par la pandémie.",0
1122,"J'avais juré de laisser là les nonnes : car que toujours on voie en mes écrits, même sujet, et semblables personnes, cela pourrait fatiguer les esprits.",1
1126,"Au XIXe siècle, alors qu'ouvriers et couturières, maçons et domestiques triment sans relâche pour des salaires de misère, l'industrialisation dévoreuse de main-d'oeuvre et de temps balaie toute velléité de revendication.",0
1131,"La deuxième limite de l'indicateur est liée au fait que l'accent est mis sur les aspects substantiels des politiques cantonales d'aménagement du territoire en matière de maîtrise de l'urbanisation, et moins sur les aspects procéduraux.",0
1132,"Mais, outre cette finesse présente au milieu des couches de guimauve, ce qui distingue TLPT, c'est sa maîtrise sophistiquée de la gestion du temps.",0
1140,Ellénore fut émue.,0
1144,"Même si l'on admet que l'innovation sera au rendez-vous, à la croisée des technologies - les nano-, bio-, info-, neuro-, . - on oublie encore qu'il faut être capable d'intégrer en même temps les aspects sociétaux, culturels et autres.",0
1149,"Tôt dans l'année 1880, en dépit d'un doute bien fondé sur la judiciosité de perpétuer cette race qui a la sanction du Seigneur et la désapprobation des hommes, Hedwige Volkbein - femme viennoise de grande force et militairement belle, étendue sur un lit à baldaquin d'un riche cramoisi spectaculaire au lambrequin marqué des ailes bifurquées de la Maison de Habsbourg, l'enveloppe de satin du couvrelit de plumes portant en fils d'or massif et terni les armes des Volkbein - donna naissance, à l'âge de quarante-cinq ans, à un enfant unique, un fils, sept jours après que son médecin lui eut prédit qu'elle entrerait en travail.",1
1156,"Si l'on ne croit plus en l'âme immortelle enseignée par la tradition philosophique substantialiste, comment penser et fonder l'exception humaine?",1
1158,"Etre éternel, rassemble autour de moi l'innombrable foule de mes semblables ; qu'ils écoutent mes confessions, qu'ils gémissent de mes indignités, qu'ils rougissent de mes misères.",1
1160,Puis les philosophes du XVIIIe siècle ont vu en cette période un âge de foi grossière et de moeurs barbares.,1
1161,"On pourrait la dénommer ""Web Images Sémantique"".",0
1164,Le ministre de l'Instruction publique cherchait notamment à soustraire les enfants à l'enseignement catholique hérité de la IIe République.,0
1174,"Le ressortissants d'un pays tiers à l'Union européenne et des pays associés soumis à visas, qui souhaitent effectuer un court séjour dans un ou plusieurs pays de la zone Schengen",0
1180,"Mais soyons sérieux, nouvelles en bref : économie, bon résultat de l'économie française ce mois-ci, plus quatre pour cent",0
1186,"En partenariat avec l'INPES, elle a mis en place un programme sur l'addiction aux écrans, qui aborde le fonctionnement du cerveau, à la limite des neurosciences.",0
1191,"Il autorise le recours à l'IVG par l'intermédiaire de sa Ministre de la Santé, Simone Veil, facilite le divorce, augmente le Minimum Vieillesse",0
1197,"Il n'était pas comme tant de gens qui par paresse ou sentiment résigné de l'obligation que crée la grandeur sociale de rester attaché à un certain rivage, s'abstiennent des plaisirs que la réalité leur présente en dehors de la position mondaine où ils vivent cantonnés jusqu'à leur mort, se contentant de finir par appeler plaisirs, faute de mieux, une fois qu'ils sont parvenus à s'y habituer, les divertissements médiocres ou les supportables ennuis qu'elle renferme.",1
